pclass;survived;sex;age;edad;clase;sobreviviente;
1;1;1;female;29;ADULTO;PRIMERA;SI
2;1;1;male;0;MENOR;PRIMERA;SI
3;1;0;female;2;MENOR;PRIMERA;NO
4;1;0;male;30;ADULTO;PRIMERA;NO
5;1;0;female;25;ADULTO;PRIMERA;NO
6;1;1;male;48;ADULTO;PRIMERA;SI
7;1;1;female;63;ADULTO;PRIMERA;SI
8;1;0;male;39;ADULTO;PRIMERA;NO
9;1;1;female;53;ADULTO;PRIMERA;SI
10;1;0;male;71;ADULTO;PRIMERA;NO
11;1;0;male;47;ADULTO;PRIMERA;NO
12;1;1;female;18;ADULTO;PRIMERA;SI
13;1;1;female;24;ADULTO;PRIMERA;SI
14;1;1;female;26;ADULTO;PRIMERA;SI
15;1;1;male;80;ADULTO;PRIMERA;SI
16;1;0;male;0;ADULTO;PRIMERA;NO
17;1;0;male;24;ADULTO;PRIMERA;NO
18;1;1;female;50;ADULTO;PRIMERA;SI
19;1;1;female;32;ADULTO;PRIMERA;SI
20;1;0;male;36;ADULTO;PRIMERA;NO
21;1;1;male;37;ADULTO;PRIMERA;SI
22;1;1;female;47;ADULTO;PRIMERA;SI
23;1;1;male;26;ADULTO;PRIMERA;SI
24;1;1;female;42;ADULTO;PRIMERA;SI
25;1;1;female;29;ADULTO;PRIMERA;SI
26;1;0;male;25;ADULTO;PRIMERA;NO
27;1;1;male;25;ADULTO;PRIMERA;SI
28;1;1;female;19;ADULTO;PRIMERA;SI
29;1;1;female;35;ADULTO;PRIMERA;SI
30;1;1;male;28;ADULTO;PRIMERA;SI
31;1;0;male;45;ADULTO;PRIMERA;NO
32;1;1;male;40;ADULTO;PRIMERA;SI
33;1;1;female;30;ADULTO;PRIMERA;SI
34;1;1;female;58;ADULTO;PRIMERA;SI
35;1;0;male;42;ADULTO;PRIMERA;NO
36;1;1;female;45;ADULTO;PRIMERA;SI
37;1;1;female;22;ADULTO;PRIMERA;SI
38;1;1;male;0;ADULTO;PRIMERA;SI
39;1;0;male;41;ADULTO;PRIMERA;NO
40;1;0;male;48;ADULTO;PRIMERA;NO
41;1;0;male;0;ADULTO;PRIMERA;NO
42;1;1;female;44;ADULTO;PRIMERA;SI
43;1;1;female;59;ADULTO;PRIMERA;SI
44;1;1;female;60;ADULTO;PRIMERA;SI
45;1;1;female;41;ADULTO;PRIMERA;SI
46;1;0;male;45;ADULTO;PRIMERA;NO
47;1;0;male;0;ADULTO;PRIMERA;NO
48;1;1;male;42;ADULTO;PRIMERA;SI
49;1;1;female;53;ADULTO;PRIMERA;SI
50;1;1;male;36;ADULTO;PRIMERA;SI
51;1;1;female;58;ADULTO;PRIMERA;SI
52;1;0;male;33;ADULTO;PRIMERA;NO
53;1;0;male;28;ADULTO;PRIMERA;NO
54;1;0;male;17;MENOR;PRIMERA;NO
55;1;1;male;11;MENOR;PRIMERA;SI
56;1;1;female;14;MENOR;PRIMERA;SI
57;1;1;male;36;ADULTO;PRIMERA;SI
58;1;1;female;36;ADULTO;PRIMERA;SI
59;1;0;male;49;ADULTO;PRIMERA;NO
60;1;1;female;0;ADULTO;PRIMERA;SI
61;1;0;male;36;ADULTO;PRIMERA;NO
62;1;1;female;76;ADULTO;PRIMERA;SI
63;1;0;male;46;ADULTO;PRIMERA;NO
64;1;1;female;47;ADULTO;PRIMERA;SI
65;1;1;male;27;ADULTO;PRIMERA;SI
66;1;1;female;33;ADULTO;PRIMERA;SI
67;1;1;female;36;ADULTO;PRIMERA;SI
68;1;1;female;30;ADULTO;PRIMERA;SI
69;1;1;male;45;ADULTO;PRIMERA;SI
70;1;1;female;0;ADULTO;PRIMERA;SI
71;1;0;male;0;ADULTO;PRIMERA;NO
72;1;0;male;27;ADULTO;PRIMERA;NO
73;1;1;female;26;ADULTO;PRIMERA;SI
74;1;1;female;22;ADULTO;PRIMERA;SI
75;1;0;male;0;ADULTO;PRIMERA;NO
76;1;0;male;47;ADULTO;PRIMERA;NO
77;1;1;female;39;ADULTO;PRIMERA;SI
78;1;0;male;37;ADULTO;PRIMERA;NO
79;1;1;female;64;ADULTO;PRIMERA;SI
80;1;1;female;55;ADULTO;PRIMERA;SI
81;1;0;male;0;ADULTO;PRIMERA;NO
82;1;0;male;70;ADULTO;PRIMERA;NO
83;1;1;female;36;ADULTO;PRIMERA;SI
84;1;1;female;64;ADULTO;PRIMERA;SI
85;1;0;male;39;ADULTO;PRIMERA;NO
86;1;1;female;38;ADULTO;PRIMERA;SI
87;1;1;male;51;ADULTO;PRIMERA;SI
88;1;1;male;27;ADULTO;PRIMERA;SI
89;1;1;female;33;ADULTO;PRIMERA;SI
90;1;0;male;31;ADULTO;PRIMERA;NO
91;1;1;female;27;ADULTO;PRIMERA;SI
92;1;1;male;31;ADULTO;PRIMERA;SI
93;1;1;female;17;MENOR;PRIMERA;SI
94;1;1;male;53;ADULTO;PRIMERA;SI
95;1;1;male;4;MENOR;PRIMERA;SI
96;1;1;female;54;ADULTO;PRIMERA;SI
97;1;0;male;50;ADULTO;PRIMERA;NO
98;1;1;female;27;ADULTO;PRIMERA;SI
99;1;1;female;48;ADULTO;PRIMERA;SI
100;1;1;female;48;ADULTO;PRIMERA;SI
101;1;1;male;49;ADULTO;PRIMERA;SI
102;1;0;male;39;ADULTO;PRIMERA;NO
103;1;1;female;23;ADULTO;PRIMERA;SI
104;1;1;female;38;ADULTO;PRIMERA;SI
105;1;1;female;54;ADULTO;PRIMERA;SI
106;1;0;female;36;ADULTO;PRIMERA;NO
107;1;0;male;0;ADULTO;PRIMERA;NO
108;1;1;female;0;ADULTO;PRIMERA;SI
109;1;1;female;0;ADULTO;PRIMERA;SI
110;1;1;male;36;ADULTO;PRIMERA;SI
111;1;0;male;30;ADULTO;PRIMERA;NO
112;1;1;female;24;ADULTO;PRIMERA;SI
113;1;1;female;28;ADULTO;PRIMERA;SI
114;1;1;female;23;ADULTO;PRIMERA;SI
115;1;0;male;19;ADULTO;PRIMERA;NO
116;1;0;male;64;ADULTO;PRIMERA;NO
117;1;1;female;60;ADULTO;PRIMERA;SI
118;1;1;female;30;ADULTO;PRIMERA;SI
119;1;0;male;0;ADULTO;PRIMERA;NO
120;1;1;male;50;ADULTO;PRIMERA;SI
121;1;1;male;43;ADULTO;PRIMERA;SI
122;1;1;female;0;ADULTO;PRIMERA;SI
123;1;1;female;22;ADULTO;PRIMERA;SI
124;1;1;male;60;ADULTO;PRIMERA;SI
125;1;1;female;48;ADULTO;PRIMERA;SI
126;1;0;male;0;ADULTO;PRIMERA;NO
127;1;0;male;37;ADULTO;PRIMERA;NO
128;1;1;female;35;ADULTO;PRIMERA;SI
129;1;0;male;47;ADULTO;PRIMERA;NO
130;1;1;female;35;ADULTO;PRIMERA;SI
131;1;1;female;22;ADULTO;PRIMERA;SI
132;1;1;female;45;ADULTO;PRIMERA;SI
133;1;0;male;24;ADULTO;PRIMERA;NO
134;1;1;male;49;ADULTO;PRIMERA;SI
135;1;1;female;0;ADULTO;PRIMERA;SI
136;1;0;male;71;ADULTO;PRIMERA;NO
137;1;1;male;53;ADULTO;PRIMERA;SI
138;1;1;female;19;ADULTO;PRIMERA;SI
139;1;0;male;38;ADULTO;PRIMERA;NO
140;1;1;female;58;ADULTO;PRIMERA;SI
141;1;1;male;23;ADULTO;PRIMERA;SI
142;1;1;female;45;ADULTO;PRIMERA;SI
143;1;0;male;46;ADULTO;PRIMERA;NO
144;1;1;male;25;ADULTO;PRIMERA;SI
145;1;1;female;25;ADULTO;PRIMERA;SI
146;1;1;male;48;ADULTO;PRIMERA;SI
147;1;1;female;49;ADULTO;PRIMERA;SI
148;1;0;male;0;ADULTO;PRIMERA;NO
149;1;0;male;45;ADULTO;PRIMERA;NO
150;1;1;female;35;ADULTO;PRIMERA;SI
151;1;0;male;40;ADULTO;PRIMERA;NO
152;1;1;male;27;ADULTO;PRIMERA;SI
153;1;1;male;0;ADULTO;PRIMERA;SI
154;1;1;female;24;ADULTO;PRIMERA;SI
155;1;0;male;55;ADULTO;PRIMERA;NO
156;1;1;female;52;ADULTO;PRIMERA;SI
157;1;0;male;42;ADULTO;PRIMERA;NO
158;1;0;male;0;ADULTO;PRIMERA;NO
159;1;0;male;55;ADULTO;PRIMERA;NO
160;1;1;female;16;MENOR;PRIMERA;SI
161;1;1;female;44;ADULTO;PRIMERA;SI
162;1;1;female;51;ADULTO;PRIMERA;SI
163;1;0;male;42;ADULTO;PRIMERA;NO
164;1;1;female;35;ADULTO;PRIMERA;SI
165;1;1;male;35;ADULTO;PRIMERA;SI
166;1;1;male;38;ADULTO;PRIMERA;SI
167;1;0;male;0;ADULTO;PRIMERA;NO
168;1;1;female;35;ADULTO;PRIMERA;SI
169;1;1;female;38;ADULTO;PRIMERA;SI
170;1;0;female;50;ADULTO;PRIMERA;NO
171;1;1;male;49;ADULTO;PRIMERA;SI
172;1;0;male;46;ADULTO;PRIMERA;NO
173;1;0;male;50;ADULTO;PRIMERA;NO
174;1;0;male;32;ADULTO;PRIMERA;NO
175;1;0;male;58;ADULTO;PRIMERA;NO
176;1;0;male;41;ADULTO;PRIMERA;NO
177;1;1;female;0;ADULTO;PRIMERA;SI
178;1;1;male;42;ADULTO;PRIMERA;SI
179;1;1;female;45;ADULTO;PRIMERA;SI
180;1;0;male;0;ADULTO;PRIMERA;NO
181;1;1;female;39;ADULTO;PRIMERA;SI
182;1;1;female;49;ADULTO;PRIMERA;SI
183;1;1;female;30;ADULTO;PRIMERA;SI
184;1;1;male;35;ADULTO;PRIMERA;SI
185;1;0;male;0;ADULTO;PRIMERA;NO
186;1;0;male;42;ADULTO;PRIMERA;NO
187;1;1;female;55;ADULTO;PRIMERA;SI
188;1;1;female;16;MENOR;PRIMERA;SI
189;1;1;female;51;ADULTO;PRIMERA;SI
190;1;0;male;29;ADULTO;PRIMERA;NO
191;1;1;female;21;ADULTO;PRIMERA;SI
192;1;0;male;30;ADULTO;PRIMERA;NO
193;1;1;female;58;ADULTO;PRIMERA;SI
194;1;1;female;15;MENOR;PRIMERA;SI
195;1;0;male;30;ADULTO;PRIMERA;NO
196;1;1;female;16;MENOR;PRIMERA;SI
197;1;1;male;0;ADULTO;PRIMERA;SI
198;1;0;male;19;ADULTO;PRIMERA;NO
199;1;1;female;18;ADULTO;PRIMERA;SI
200;1;1;female;24;ADULTO;PRIMERA;SI
201;1;0;male;46;ADULTO;PRIMERA;NO
202;1;0;male;54;ADULTO;PRIMERA;NO
203;1;1;male;36;ADULTO;PRIMERA;SI
204;1;0;male;28;ADULTO;PRIMERA;NO
205;1;1;female;0;ADULTO;PRIMERA;SI
206;1;0;male;65;ADULTO;PRIMERA;NO
207;1;0;male;44;ADULTO;PRIMERA;NO
208;1;1;female;33;ADULTO;PRIMERA;SI
209;1;1;female;37;ADULTO;PRIMERA;SI
210;1;1;male;30;ADULTO;PRIMERA;SI
211;1;0;male;55;ADULTO;PRIMERA;NO
212;1;0;male;47;ADULTO;PRIMERA;NO
213;1;0;male;37;ADULTO;PRIMERA;NO
214;1;1;female;31;ADULTO;PRIMERA;SI
215;1;1;female;23;ADULTO;PRIMERA;SI
216;1;0;male;58;ADULTO;PRIMERA;NO
217;1;1;female;19;ADULTO;PRIMERA;SI
218;1;0;male;64;ADULTO;PRIMERA;NO
219;1;1;female;39;ADULTO;PRIMERA;SI
220;1;1;male;0;ADULTO;PRIMERA;SI
221;1;1;female;22;ADULTO;PRIMERA;SI
222;1;0;male;65;ADULTO;PRIMERA;NO
223;1;0;male;28;ADULTO;PRIMERA;NO
224;1;0;male;0;ADULTO;PRIMERA;NO
225;1;0;male;45;ADULTO;PRIMERA;NO
226;1;0;male;23;ADULTO;PRIMERA;NO
227;1;0;male;29;ADULTO;PRIMERA;NO
228;1;1;female;22;ADULTO;PRIMERA;SI
229;1;0;male;18;ADULTO;PRIMERA;NO
230;1;1;female;17;MENOR;PRIMERA;SI
231;1;1;female;30;ADULTO;PRIMERA;SI
232;1;1;male;52;ADULTO;PRIMERA;SI
233;1;0;male;47;ADULTO;PRIMERA;NO
234;1;1;female;56;ADULTO;PRIMERA;SI
235;1;0;male;38;ADULTO;PRIMERA;NO
236;1;1;male;0;ADULTO;PRIMERA;SI
237;1;0;male;22;ADULTO;PRIMERA;NO
238;1;0;male;0;ADULTO;PRIMERA;NO
239;1;1;female;43;ADULTO;PRIMERA;SI
240;1;0;male;31;ADULTO;PRIMERA;NO
241;1;1;male;45;ADULTO;PRIMERA;SI
242;1;0;male;0;ADULTO;PRIMERA;NO
243;1;1;female;33;ADULTO;PRIMERA;SI
244;1;0;male;46;ADULTO;PRIMERA;NO
245;1;0;male;36;ADULTO;PRIMERA;NO
246;1;1;female;33;ADULTO;PRIMERA;SI
247;1;0;male;55;ADULTO;PRIMERA;NO
248;1;1;female;54;ADULTO;PRIMERA;SI
249;1;0;male;33;ADULTO;PRIMERA;NO
250;1;1;male;13;MENOR;PRIMERA;SI
251;1;1;female;18;ADULTO;PRIMERA;SI
252;1;1;female;21;ADULTO;PRIMERA;SI
253;1;0;male;61;ADULTO;PRIMERA;NO
254;1;1;female;48;ADULTO;PRIMERA;SI
255;1;1;male;0;ADULTO;PRIMERA;SI
256;1;1;female;24;ADULTO;PRIMERA;SI
257;1;1;male;0;ADULTO;PRIMERA;SI
258;1;1;female;35;ADULTO;PRIMERA;SI
259;1;1;female;30;ADULTO;PRIMERA;SI
260;1;1;male;34;ADULTO;PRIMERA;SI
261;1;1;female;40;ADULTO;PRIMERA;SI
262;1;1;male;35;ADULTO;PRIMERA;SI
263;1;0;male;50;ADULTO;PRIMERA;NO
264;1;1;female;39;ADULTO;PRIMERA;SI
265;1;1;male;56;ADULTO;PRIMERA;SI
266;1;1;male;28;ADULTO;PRIMERA;SI
267;1;0;male;56;ADULTO;PRIMERA;NO
268;1;0;male;56;ADULTO;PRIMERA;NO
269;1;0;male;24;ADULTO;PRIMERA;NO
270;1;0;male;0;ADULTO;PRIMERA;NO
271;1;1;female;18;ADULTO;PRIMERA;SI
272;1;1;male;24;ADULTO;PRIMERA;SI
273;1;1;female;23;ADULTO;PRIMERA;SI
274;1;1;male;6;MENOR;PRIMERA;SI
275;1;1;male;45;ADULTO;PRIMERA;SI
276;1;1;female;40;ADULTO;PRIMERA;SI
277;1;0;male;57;ADULTO;PRIMERA;NO
278;1;1;female;0;ADULTO;PRIMERA;SI
279;1;1;male;32;ADULTO;PRIMERA;SI
280;1;0;male;62;ADULTO;PRIMERA;NO
281;1;1;male;54;ADULTO;PRIMERA;SI
282;1;1;female;43;ADULTO;PRIMERA;SI
283;1;1;female;52;ADULTO;PRIMERA;SI
284;1;0;male;0;ADULTO;PRIMERA;NO
285;1;1;female;62;ADULTO;PRIMERA;SI
286;1;0;male;67;ADULTO;PRIMERA;NO
287;1;0;female;63;ADULTO;PRIMERA;NO
288;1;0;male;61;ADULTO;PRIMERA;NO
289;1;1;female;48;ADULTO;PRIMERA;SI
290;1;1;female;18;ADULTO;PRIMERA;SI
291;1;0;male;52;ADULTO;PRIMERA;NO
292;1;1;female;39;ADULTO;PRIMERA;SI
293;1;1;male;48;ADULTO;PRIMERA;SI
294;1;1;female;0;ADULTO;PRIMERA;SI
295;1;0;male;49;ADULTO;PRIMERA;NO
296;1;1;male;17;MENOR;PRIMERA;SI
297;1;1;female;39;ADULTO;PRIMERA;SI
298;1;1;female;0;ADULTO;PRIMERA;SI
299;1;1;male;31;ADULTO;PRIMERA;SI
300;1;0;male;40;ADULTO;PRIMERA;NO
301;1;0;male;61;ADULTO;PRIMERA;NO
302;1;0;male;47;ADULTO;PRIMERA;NO
303;1;1;female;35;ADULTO;PRIMERA;SI
304;1;0;male;64;ADULTO;PRIMERA;NO
305;1;1;female;60;ADULTO;PRIMERA;SI
306;1;0;male;60;ADULTO;PRIMERA;NO
307;1;0;male;54;ADULTO;PRIMERA;NO
308;1;0;male;21;ADULTO;PRIMERA;NO
309;1;1;female;55;ADULTO;PRIMERA;SI
310;1;1;female;31;ADULTO;PRIMERA;SI
311;1;0;male;57;ADULTO;PRIMERA;NO
312;1;1;female;45;ADULTO;PRIMERA;SI
313;1;0;male;50;ADULTO;PRIMERA;NO
314;1;0;male;27;ADULTO;PRIMERA;NO
315;1;1;female;50;ADULTO;PRIMERA;SI
316;1;1;female;21;ADULTO;PRIMERA;SI
317;1;0;male;51;ADULTO;PRIMERA;NO
318;1;1;male;21;ADULTO;PRIMERA;SI
319;1;0;male;0;ADULTO;PRIMERA;NO
320;1;1;female;31;ADULTO;PRIMERA;SI
321;1;1;male;0;ADULTO;PRIMERA;SI
322;1;0;male;62;ADULTO;PRIMERA;NO
323;1;1;female;36;ADULTO;PRIMERA;SI
324;2;0;male;30;ADULTO;SEGUNDA;NO
325;2;1;female;28;ADULTO;SEGUNDA;SI
326;2;0;male;30;ADULTO;SEGUNDA;NO
327;2;0;male;18;ADULTO;SEGUNDA;NO
328;2;0;male;25;ADULTO;SEGUNDA;NO
329;2;0;male;34;ADULTO;SEGUNDA;NO
330;2;1;female;36;ADULTO;SEGUNDA;SI
331;2;0;male;57;ADULTO;SEGUNDA;NO
332;2;0;male;18;ADULTO;SEGUNDA;NO
333;2;0;male;23;ADULTO;SEGUNDA;NO
334;2;1;female;36;ADULTO;SEGUNDA;SI
335;2;0;male;28;ADULTO;SEGUNDA;NO
336;2;0;male;51;ADULTO;SEGUNDA;NO
337;2;1;male;32;ADULTO;SEGUNDA;SI
338;2;1;female;19;ADULTO;SEGUNDA;SI
339;2;0;male;28;ADULTO;SEGUNDA;NO
340;2;1;male;1;MENOR;SEGUNDA;SI
341;2;1;female;4;MENOR;SEGUNDA;SI
342;2;1;female;12;MENOR;SEGUNDA;SI
343;2;1;female;36;ADULTO;SEGUNDA;SI
344;2;1;male;34;ADULTO;SEGUNDA;SI
345;2;1;female;19;ADULTO;SEGUNDA;SI
346;2;0;male;23;ADULTO;SEGUNDA;NO
347;2;0;male;26;ADULTO;SEGUNDA;NO
348;2;0;male;42;ADULTO;SEGUNDA;NO
349;2;0;male;27;ADULTO;SEGUNDA;NO
350;2;1;female;24;ADULTO;SEGUNDA;SI
351;2;1;female;15;MENOR;SEGUNDA;SI
352;2;0;male;60;ADULTO;SEGUNDA;NO
353;2;1;female;40;ADULTO;SEGUNDA;SI
354;2;1;female;20;ADULTO;SEGUNDA;SI
355;2;0;male;25;ADULTO;SEGUNDA;NO
356;2;1;female;36;ADULTO;SEGUNDA;SI
357;2;0;male;25;ADULTO;SEGUNDA;NO
358;2;0;male;42;ADULTO;SEGUNDA;NO
359;2;1;female;42;ADULTO;SEGUNDA;SI
360;2;1;male;0;MENOR;SEGUNDA;SI
361;2;1;male;26;ADULTO;SEGUNDA;SI
362;2;1;female;22;ADULTO;SEGUNDA;SI
363;2;1;female;35;ADULTO;SEGUNDA;SI
364;2;0;male;0;ADULTO;SEGUNDA;NO
365;2;0;male;19;ADULTO;SEGUNDA;NO
366;2;0;female;44;ADULTO;SEGUNDA;NO
367;2;0;male;54;ADULTO;SEGUNDA;NO
368;2;0;male;52;ADULTO;SEGUNDA;NO
369;2;0;male;37;ADULTO;SEGUNDA;NO
370;2;0;female;29;ADULTO;SEGUNDA;NO
371;2;1;female;25;ADULTO;SEGUNDA;SI
372;2;1;female;45;ADULTO;SEGUNDA;SI
373;2;0;male;29;ADULTO;SEGUNDA;NO
374;2;1;female;28;ADULTO;SEGUNDA;SI
375;2;0;male;29;ADULTO;SEGUNDA;NO
376;2;0;male;28;ADULTO;SEGUNDA;NO
377;2;1;male;24;ADULTO;SEGUNDA;SI
378;2;1;female;8;MENOR;SEGUNDA;SI
379;2;0;male;31;ADULTO;SEGUNDA;NO
380;2;1;female;31;ADULTO;SEGUNDA;SI
381;2;1;female;22;ADULTO;SEGUNDA;SI
382;2;0;female;30;ADULTO;SEGUNDA;NO
383;2;0;female;0;ADULTO;SEGUNDA;NO
384;2;0;male;21;ADULTO;SEGUNDA;NO
385;2;0;male;0;ADULTO;SEGUNDA;NO
386;2;1;male;8;MENOR;SEGUNDA;SI
387;2;0;male;18;ADULTO;SEGUNDA;NO
388;2;1;female;48;ADULTO;SEGUNDA;SI
389;2;1;female;28;ADULTO;SEGUNDA;SI
390;2;0;male;32;ADULTO;SEGUNDA;NO
391;2;0;male;17;MENOR;SEGUNDA;NO
392;2;0;male;29;ADULTO;SEGUNDA;NO
393;2;1;female;24;ADULTO;SEGUNDA;SI
394;2;0;male;25;ADULTO;SEGUNDA;NO
395;2;0;male;18;ADULTO;SEGUNDA;NO
396;2;1;female;18;ADULTO;SEGUNDA;SI
397;2;1;female;34;ADULTO;SEGUNDA;SI
398;2;0;male;54;ADULTO;SEGUNDA;NO
399;2;1;male;8;MENOR;SEGUNDA;SI
400;2;0;male;42;ADULTO;SEGUNDA;NO
401;2;1;female;34;ADULTO;SEGUNDA;SI
402;2;1;female;27;ADULTO;SEGUNDA;SI
403;2;1;female;30;ADULTO;SEGUNDA;SI
404;2;0;male;23;ADULTO;SEGUNDA;NO
405;2;0;male;21;ADULTO;SEGUNDA;NO
406;2;0;male;18;ADULTO;SEGUNDA;NO
407;2;0;male;40;ADULTO;SEGUNDA;NO
408;2;1;female;29;ADULTO;SEGUNDA;SI
409;2;0;male;18;ADULTO;SEGUNDA;NO
410;2;0;male;36;ADULTO;SEGUNDA;NO
411;2;0;male;0;ADULTO;SEGUNDA;NO
412;2;0;female;38;ADULTO;SEGUNDA;NO
413;2;0;male;35;ADULTO;SEGUNDA;NO
414;2;0;male;38;ADULTO;SEGUNDA;NO
415;2;0;male;34;ADULTO;SEGUNDA;NO
416;2;1;female;34;ADULTO;SEGUNDA;SI
417;2;0;male;16;MENOR;SEGUNDA;NO
418;2;0;male;26;ADULTO;SEGUNDA;NO
419;2;0;male;47;ADULTO;SEGUNDA;NO
420;2;0;male;21;ADULTO;SEGUNDA;NO
421;2;0;male;21;ADULTO;SEGUNDA;NO
422;2;0;male;24;ADULTO;SEGUNDA;NO
423;2;0;male;24;ADULTO;SEGUNDA;NO
424;2;0;male;34;ADULTO;SEGUNDA;NO
425;2;0;male;30;ADULTO;SEGUNDA;NO
426;2;0;male;52;ADULTO;SEGUNDA;NO
427;2;0;male;30;ADULTO;SEGUNDA;NO
428;2;1;male;0;MENOR;SEGUNDA;SI
429;2;1;female;24;ADULTO;SEGUNDA;SI
430;2;0;male;44;ADULTO;SEGUNDA;NO
431;2;1;female;6;MENOR;SEGUNDA;SI
432;2;0;male;28;ADULTO;SEGUNDA;NO
433;2;1;male;62;ADULTO;SEGUNDA;SI
434;2;0;male;30;ADULTO;SEGUNDA;NO
435;2;1;female;7;MENOR;SEGUNDA;SI
436;2;0;male;43;ADULTO;SEGUNDA;NO
437;2;1;female;45;ADULTO;SEGUNDA;SI
438;2;1;female;24;ADULTO;SEGUNDA;SI
439;2;1;female;24;ADULTO;SEGUNDA;SI
440;2;0;male;49;ADULTO;SEGUNDA;NO
441;2;1;female;48;ADULTO;SEGUNDA;SI
442;2;1;female;55;ADULTO;SEGUNDA;SI
443;2;0;male;24;ADULTO;SEGUNDA;NO
444;2;0;male;32;ADULTO;SEGUNDA;NO
445;2;0;male;21;ADULTO;SEGUNDA;NO
446;2;0;female;18;ADULTO;SEGUNDA;NO
447;2;1;female;20;ADULTO;SEGUNDA;SI
448;2;0;male;23;ADULTO;SEGUNDA;NO
449;2;0;male;36;ADULTO;SEGUNDA;NO
450;2;1;female;54;ADULTO;SEGUNDA;SI
451;2;0;male;50;ADULTO;SEGUNDA;NO
452;2;0;male;44;ADULTO;SEGUNDA;NO
453;2;1;female;29;ADULTO;SEGUNDA;SI
454;2;0;male;21;ADULTO;SEGUNDA;NO
455;2;1;male;42;ADULTO;SEGUNDA;SI
456;2;0;male;63;ADULTO;SEGUNDA;NO
457;2;0;female;60;ADULTO;SEGUNDA;NO
458;2;0;male;33;ADULTO;SEGUNDA;NO
459;2;1;female;17;MENOR;SEGUNDA;SI
460;2;0;male;42;ADULTO;SEGUNDA;NO
461;2;1;female;24;ADULTO;SEGUNDA;SI
462;2;0;male;47;ADULTO;SEGUNDA;NO
463;2;0;male;24;ADULTO;SEGUNDA;NO
464;2;0;male;22;ADULTO;SEGUNDA;NO
465;2;0;male;32;ADULTO;SEGUNDA;NO
466;2;1;female;23;ADULTO;SEGUNDA;SI
467;2;0;male;34;ADULTO;SEGUNDA;NO
468;2;1;female;24;ADULTO;SEGUNDA;SI
469;2;0;female;22;ADULTO;SEGUNDA;NO
470;2;1;female;0;ADULTO;SEGUNDA;SI
471;2;0;male;35;ADULTO;SEGUNDA;NO
472;2;1;female;45;ADULTO;SEGUNDA;SI
473;2;0;male;57;ADULTO;SEGUNDA;NO
474;2;0;male;0;ADULTO;SEGUNDA;NO
475;2;0;male;31;ADULTO;SEGUNDA;NO
476;2;0;female;26;ADULTO;SEGUNDA;NO
477;2;0;male;30;ADULTO;SEGUNDA;NO
478;2;0;male;0;ADULTO;SEGUNDA;NO
479;2;1;female;1;MENOR;SEGUNDA;SI
480;2;1;female;3;MENOR;SEGUNDA;SI
481;2;0;male;25;ADULTO;SEGUNDA;NO
482;2;1;female;22;ADULTO;SEGUNDA;SI
483;2;1;female;17;MENOR;SEGUNDA;SI
484;2;1;female;0;ADULTO;SEGUNDA;SI
485;2;1;female;34;ADULTO;SEGUNDA;SI
486;2;0;male;36;ADULTO;SEGUNDA;NO
487;2;0;male;24;ADULTO;SEGUNDA;NO
488;2;0;male;61;ADULTO;SEGUNDA;NO
489;2;0;male;50;ADULTO;SEGUNDA;NO
490;2;1;female;42;ADULTO;SEGUNDA;SI
491;2;0;female;57;ADULTO;SEGUNDA;NO
492;2;0;male;0;ADULTO;SEGUNDA;NO
493;2;1;male;1;MENOR;SEGUNDA;SI
494;2;0;male;31;ADULTO;SEGUNDA;NO
495;2;1;female;24;ADULTO;SEGUNDA;SI
496;2;0;male;0;ADULTO;SEGUNDA;NO
497;2;0;male;30;ADULTO;SEGUNDA;NO
498;2;0;male;40;ADULTO;SEGUNDA;NO
499;2;0;male;32;ADULTO;SEGUNDA;NO
500;2;0;male;30;ADULTO;SEGUNDA;NO
501;2;0;male;46;ADULTO;SEGUNDA;NO
502;2;1;female;13;MENOR;SEGUNDA;SI
503;2;1;female;41;ADULTO;SEGUNDA;SI
504;2;1;male;19;ADULTO;SEGUNDA;SI
505;2;0;male;39;ADULTO;SEGUNDA;NO
506;2;0;male;48;ADULTO;SEGUNDA;NO
507;2;0;male;70;ADULTO;SEGUNDA;NO
508;2;0;male;27;ADULTO;SEGUNDA;NO
509;2;0;male;54;ADULTO;SEGUNDA;NO
510;2;0;male;39;ADULTO;SEGUNDA;NO
511;2;0;male;16;MENOR;SEGUNDA;NO
512;2;0;male;62;ADULTO;SEGUNDA;NO
513;2;0;male;32;ADULTO;SEGUNDA;NO
514;2;1;female;14;MENOR;SEGUNDA;SI
515;2;1;male;2;MENOR;SEGUNDA;SI
516;2;1;male;3;MENOR;SEGUNDA;SI
517;2;0;male;36;ADULTO;SEGUNDA;NO
518;2;0;male;26;ADULTO;SEGUNDA;NO
519;2;0;male;19;ADULTO;SEGUNDA;NO
520;2;0;male;28;ADULTO;SEGUNDA;NO
521;2;1;male;20;ADULTO;SEGUNDA;SI
522;2;1;female;29;ADULTO;SEGUNDA;SI
523;2;0;male;39;ADULTO;SEGUNDA;NO
524;2;1;male;22;ADULTO;SEGUNDA;SI
525;2;1;male;0;ADULTO;SEGUNDA;SI
526;2;0;male;23;ADULTO;SEGUNDA;NO
527;2;1;male;29;ADULTO;SEGUNDA;SI
528;2;0;male;28;ADULTO;SEGUNDA;NO
529;2;0;male;0;ADULTO;SEGUNDA;NO
530;2;1;female;50;ADULTO;SEGUNDA;SI
531;2;0;male;19;ADULTO;SEGUNDA;NO
532;2;0;male;0;ADULTO;SEGUNDA;NO
533;2;0;male;41;ADULTO;SEGUNDA;NO
534;2;1;female;21;ADULTO;SEGUNDA;SI
535;2;1;female;19;ADULTO;SEGUNDA;SI
536;2;0;male;43;ADULTO;SEGUNDA;NO
537;2;1;female;32;ADULTO;SEGUNDA;SI
538;2;0;male;34;ADULTO;SEGUNDA;NO
539;2;1;male;30;ADULTO;SEGUNDA;SI
540;2;0;male;27;ADULTO;SEGUNDA;NO
541;2;1;female;2;MENOR;SEGUNDA;SI
542;2;1;female;8;MENOR;SEGUNDA;SI
543;2;1;female;33;ADULTO;SEGUNDA;SI
544;2;0;male;36;ADULTO;SEGUNDA;NO
545;2;0;male;34;ADULTO;SEGUNDA;NO
546;2;1;female;30;ADULTO;SEGUNDA;SI
547;2;1;female;28;ADULTO;SEGUNDA;SI
548;2;0;male;23;ADULTO;SEGUNDA;NO
549;2;1;male;0;MENOR;SEGUNDA;SI
550;2;1;male;3;MENOR;SEGUNDA;SI
551;2;1;female;24;ADULTO;SEGUNDA;SI
552;2;1;female;50;ADULTO;SEGUNDA;SI
553;2;0;male;19;ADULTO;SEGUNDA;NO
554;2;1;female;21;ADULTO;SEGUNDA;SI
555;2;0;male;26;ADULTO;SEGUNDA;NO
556;2;0;male;25;ADULTO;SEGUNDA;NO
557;2;0;male;27;ADULTO;SEGUNDA;NO
558;2;1;female;25;ADULTO;SEGUNDA;SI
559;2;1;female;18;ADULTO;SEGUNDA;SI
560;2;1;female;20;ADULTO;SEGUNDA;SI
561;2;1;female;30;ADULTO;SEGUNDA;SI
562;2;0;male;59;ADULTO;SEGUNDA;NO
563;2;1;female;30;ADULTO;SEGUNDA;SI
564;2;0;male;35;ADULTO;SEGUNDA;NO
565;2;1;female;40;ADULTO;SEGUNDA;SI
566;2;0;male;25;ADULTO;SEGUNDA;NO
567;2;0;male;41;ADULTO;SEGUNDA;NO
568;2;0;male;25;ADULTO;SEGUNDA;NO
569;2;0;male;18;ADULTO;SEGUNDA;NO
570;2;0;male;14;MENOR;SEGUNDA;NO
571;2;1;female;50;ADULTO;SEGUNDA;SI
572;2;0;male;23;ADULTO;SEGUNDA;NO
573;2;1;female;28;ADULTO;SEGUNDA;SI
574;2;1;female;27;ADULTO;SEGUNDA;SI
575;2;0;male;29;ADULTO;SEGUNDA;NO
576;2;0;female;27;ADULTO;SEGUNDA;NO
577;2;0;male;40;ADULTO;SEGUNDA;NO
578;2;1;female;31;ADULTO;SEGUNDA;SI
579;2;0;male;30;ADULTO;SEGUNDA;NO
580;2;0;male;23;ADULTO;SEGUNDA;NO
581;2;1;female;31;ADULTO;SEGUNDA;SI
582;2;0;male;0;ADULTO;SEGUNDA;NO
583;2;1;female;12;MENOR;SEGUNDA;SI
584;2;1;female;40;ADULTO;SEGUNDA;SI
585;2;1;female;32;ADULTO;SEGUNDA;SI
586;2;0;male;27;ADULTO;SEGUNDA;NO
587;2;1;female;29;ADULTO;SEGUNDA;SI
588;2;1;male;2;MENOR;SEGUNDA;SI
589;2;1;female;4;MENOR;SEGUNDA;SI
590;2;1;female;29;ADULTO;SEGUNDA;SI
591;2;1;female;0;MENOR;SEGUNDA;SI
592;2;1;female;5;MENOR;SEGUNDA;SI
593;2;0;male;36;ADULTO;SEGUNDA;NO
594;2;1;female;33;ADULTO;SEGUNDA;SI
595;2;0;male;66;ADULTO;SEGUNDA;NO
596;2;0;male;0;ADULTO;SEGUNDA;NO
597;2;1;male;31;ADULTO;SEGUNDA;SI
598;2;1;male;0;ADULTO;SEGUNDA;SI
599;2;1;female;26;ADULTO;SEGUNDA;SI
600;2;0;female;24;ADULTO;SEGUNDA;NO
601;3;0;male;42;ADULTO;TERCERA;NO
602;3;0;male;13;MENOR;TERCERA;NO
603;3;0;male;16;MENOR;TERCERA;NO
604;3;1;female;35;ADULTO;TERCERA;SI
605;3;1;female;16;MENOR;TERCERA;SI
606;3;1;male;25;ADULTO;TERCERA;SI
607;3;1;male;20;ADULTO;TERCERA;SI
608;3;1;female;18;ADULTO;TERCERA;SI
609;3;0;male;30;ADULTO;TERCERA;NO
610;3;0;male;26;ADULTO;TERCERA;NO
611;3;0;female;40;ADULTO;TERCERA;NO
612;3;1;male;0;MENOR;TERCERA;SI
613;3;1;female;18;ADULTO;TERCERA;SI
614;3;1;male;26;ADULTO;TERCERA;SI
615;3;0;male;26;ADULTO;TERCERA;NO
616;3;0;male;20;ADULTO;TERCERA;NO
617;3;0;male;24;ADULTO;TERCERA;NO
618;3;0;male;25;ADULTO;TERCERA;NO
619;3;0;male;35;ADULTO;TERCERA;NO
620;3;0;male;18;ADULTO;TERCERA;NO
621;3;0;male;32;ADULTO;TERCERA;NO
622;3;1;female;19;ADULTO;TERCERA;SI
623;3;0;male;4;MENOR;TERCERA;NO
624;3;0;female;6;MENOR;TERCERA;NO
625;3;0;female;2;MENOR;TERCERA;NO
626;3;1;female;17;MENOR;TERCERA;SI
627;3;0;female;38;ADULTO;TERCERA;NO
628;3;0;female;9;MENOR;TERCERA;NO
629;3;0;female;11;MENOR;TERCERA;NO
630;3;0;male;39;ADULTO;TERCERA;NO
631;3;1;male;27;ADULTO;TERCERA;SI
632;3;0;male;26;ADULTO;TERCERA;NO
633;3;0;female;39;ADULTO;TERCERA;NO
634;3;0;male;20;ADULTO;TERCERA;NO
635;3;0;male;26;ADULTO;TERCERA;NO
636;3;0;male;25;ADULTO;TERCERA;NO
637;3;0;female;18;ADULTO;TERCERA;NO
638;3;0;male;24;ADULTO;TERCERA;NO
639;3;0;male;35;ADULTO;TERCERA;NO
640;3;0;male;5;MENOR;TERCERA;NO
641;3;0;male;9;MENOR;TERCERA;NO
642;3;1;male;3;MENOR;TERCERA;SI
643;3;0;male;13;MENOR;TERCERA;NO
644;3;1;female;5;MENOR;TERCERA;SI
645;3;0;male;40;ADULTO;TERCERA;NO
646;3;1;male;23;ADULTO;TERCERA;SI
647;3;1;female;38;ADULTO;TERCERA;SI
648;3;1;female;45;ADULTO;TERCERA;SI
649;3;0;male;21;ADULTO;TERCERA;NO
650;3;0;male;23;ADULTO;TERCERA;NO
651;3;0;female;17;MENOR;TERCERA;NO
652;3;0;male;30;ADULTO;TERCERA;NO
653;3;0;male;23;ADULTO;TERCERA;NO
654;3;1;female;13;MENOR;TERCERA;SI
655;3;0;male;20;ADULTO;TERCERA;NO
656;3;0;male;32;ADULTO;TERCERA;NO
657;3;1;female;33;ADULTO;TERCERA;SI
658;3;1;female;0;MENOR;TERCERA;SI
659;3;1;female;0;MENOR;TERCERA;SI
660;3;1;female;5;MENOR;TERCERA;SI
661;3;1;female;24;ADULTO;TERCERA;SI
662;3;1;female;18;ADULTO;TERCERA;SI
663;3;0;male;40;ADULTO;TERCERA;NO
664;3;0;male;26;ADULTO;TERCERA;NO
665;3;1;male;20;ADULTO;TERCERA;SI
666;3;0;female;18;ADULTO;TERCERA;NO
667;3;0;female;45;ADULTO;TERCERA;NO
668;3;0;female;27;ADULTO;TERCERA;NO
669;3;0;male;22;ADULTO;TERCERA;NO
670;3;0;male;19;ADULTO;TERCERA;NO
671;3;0;male;26;ADULTO;TERCERA;NO
672;3;0;male;22;ADULTO;TERCERA;NO
673;3;0;male;0;ADULTO;TERCERA;NO
674;3;0;male;20;ADULTO;TERCERA;NO
675;3;1;male;32;ADULTO;TERCERA;SI
676;3;0;male;21;ADULTO;TERCERA;NO
677;3;0;male;18;ADULTO;TERCERA;NO
678;3;0;male;26;ADULTO;TERCERA;NO
679;3;0;male;6;MENOR;TERCERA;NO
680;3;0;female;9;MENOR;TERCERA;NO
681;3;0;male;0;ADULTO;TERCERA;NO
682;3;0;female;0;ADULTO;TERCERA;NO
683;3;0;female;0;ADULTO;TERCERA;NO
684;3;0;male;40;ADULTO;TERCERA;NO
685;3;0;female;32;ADULTO;TERCERA;NO
686;3;0;male;21;ADULTO;TERCERA;NO
687;3;1;female;22;ADULTO;TERCERA;SI
688;3;0;female;20;ADULTO;TERCERA;NO
689;3;0;male;29;ADULTO;TERCERA;NO
690;3;0;male;22;ADULTO;TERCERA;NO
691;3;0;male;22;ADULTO;TERCERA;NO
692;3;0;male;35;ADULTO;TERCERA;NO
693;3;0;female;18;ADULTO;TERCERA;NO
694;3;1;male;21;ADULTO;TERCERA;SI
695;3;0;male;19;ADULTO;TERCERA;NO
696;3;0;female;18;ADULTO;TERCERA;NO
697;3;0;female;21;ADULTO;TERCERA;NO
698;3;0;female;30;ADULTO;TERCERA;NO
699;3;0;male;18;ADULTO;TERCERA;NO
700;3;0;male;38;ADULTO;TERCERA;NO
701;3;0;male;17;MENOR;TERCERA;NO
702;3;0;male;17;MENOR;TERCERA;NO
703;3;0;female;21;ADULTO;TERCERA;NO
704;3;0;male;21;ADULTO;TERCERA;NO
705;3;0;male;21;ADULTO;TERCERA;NO
706;3;0;male;0;ADULTO;TERCERA;NO
707;3;0;female;0;ADULTO;TERCERA;NO
708;3;0;male;28;ADULTO;TERCERA;NO
709;3;0;male;24;ADULTO;TERCERA;NO
710;3;1;female;16;MENOR;TERCERA;SI
711;3;0;female;37;ADULTO;TERCERA;NO
712;3;0;male;28;ADULTO;TERCERA;NO
713;3;0;male;24;ADULTO;TERCERA;NO
714;3;0;male;21;ADULTO;TERCERA;NO
715;3;1;male;32;ADULTO;TERCERA;SI
716;3;0;male;29;ADULTO;TERCERA;NO
717;3;0;male;26;ADULTO;TERCERA;NO
718;3;0;male;18;ADULTO;TERCERA;NO
719;3;0;male;20;ADULTO;TERCERA;NO
720;3;1;male;18;ADULTO;TERCERA;SI
721;3;0;male;24;ADULTO;TERCERA;NO
722;3;0;male;36;ADULTO;TERCERA;NO
723;3;0;male;24;ADULTO;TERCERA;NO
724;3;0;male;31;ADULTO;TERCERA;NO
725;3;0;male;31;ADULTO;TERCERA;NO
726;3;1;female;22;ADULTO;TERCERA;SI
727;3;0;female;30;ADULTO;TERCERA;NO
728;3;0;male;70;ADULTO;TERCERA;NO
729;3;0;male;43;ADULTO;TERCERA;NO
730;3;0;male;35;ADULTO;TERCERA;NO
731;3;0;male;27;ADULTO;TERCERA;NO
732;3;0;male;19;ADULTO;TERCERA;NO
733;3;0;male;30;ADULTO;TERCERA;NO
734;3;1;male;9;MENOR;TERCERA;SI
735;3;1;male;3;MENOR;TERCERA;SI
736;3;1;female;36;ADULTO;TERCERA;SI
737;3;0;male;59;ADULTO;TERCERA;NO
738;3;0;male;19;ADULTO;TERCERA;NO
739;3;1;female;17;MENOR;TERCERA;SI
740;3;0;male;44;ADULTO;TERCERA;NO
741;3;0;male;17;MENOR;TERCERA;NO
742;3;0;male;22;ADULTO;TERCERA;NO
743;3;1;male;45;ADULTO;TERCERA;SI
744;3;0;female;22;ADULTO;TERCERA;NO
745;3;0;male;19;ADULTO;TERCERA;NO
746;3;1;female;30;ADULTO;TERCERA;SI
747;3;1;male;29;ADULTO;TERCERA;SI
748;3;0;male;0;MENOR;TERCERA;NO
749;3;0;male;34;ADULTO;TERCERA;NO
750;3;0;female;28;ADULTO;TERCERA;NO
751;3;0;male;27;ADULTO;TERCERA;NO
752;3;0;male;25;ADULTO;TERCERA;NO
753;3;0;male;24;ADULTO;TERCERA;NO
754;3;0;male;22;ADULTO;TERCERA;NO
755;3;0;male;21;ADULTO;TERCERA;NO
756;3;0;male;17;MENOR;TERCERA;NO
757;3;0;male;0;ADULTO;TERCERA;NO
758;3;1;female;0;ADULTO;TERCERA;SI
759;3;1;male;36;ADULTO;TERCERA;SI
760;3;1;female;36;ADULTO;TERCERA;SI
761;3;1;male;30;ADULTO;TERCERA;SI
762;3;0;male;16;MENOR;TERCERA;NO
763;3;1;male;1;MENOR;TERCERA;SI
764;3;1;female;0;MENOR;TERCERA;SI
765;3;0;male;26;ADULTO;TERCERA;NO
766;3;1;female;33;ADULTO;TERCERA;SI
767;3;0;male;25;ADULTO;TERCERA;NO
768;3;0;male;0;ADULTO;TERCERA;NO
769;3;0;male;0;ADULTO;TERCERA;NO
770;3;0;male;22;ADULTO;TERCERA;NO
771;3;0;male;36;ADULTO;TERCERA;NO
772;3;1;female;19;ADULTO;TERCERA;SI
773;3;0;male;17;MENOR;TERCERA;NO
774;3;0;male;42;ADULTO;TERCERA;NO
775;3;0;male;43;ADULTO;TERCERA;NO
776;3;0;male;0;ADULTO;TERCERA;NO
777;3;0;male;32;ADULTO;TERCERA;NO
778;3;1;male;19;ADULTO;TERCERA;SI
779;3;1;female;30;ADULTO;TERCERA;SI
780;3;0;female;24;ADULTO;TERCERA;NO
781;3;1;female;23;ADULTO;TERCERA;SI
782;3;0;male;33;ADULTO;TERCERA;NO
783;3;0;male;65;ADULTO;TERCERA;NO
784;3;1;male;24;ADULTO;TERCERA;SI
785;3;0;male;23;ADULTO;TERCERA;NO
786;3;1;female;22;ADULTO;TERCERA;SI
787;3;0;male;18;ADULTO;TERCERA;NO
788;3;0;male;16;MENOR;TERCERA;NO
789;3;0;male;45;ADULTO;TERCERA;NO
790;3;0;male;0;ADULTO;TERCERA;NO
791;3;0;male;39;ADULTO;TERCERA;NO
792;3;0;male;17;MENOR;TERCERA;NO
793;3;0;male;15;MENOR;TERCERA;NO
794;3;0;male;47;ADULTO;TERCERA;NO
795;3;1;female;5;MENOR;TERCERA;SI
796;3;0;male;0;ADULTO;TERCERA;NO
797;3;0;male;40;ADULTO;TERCERA;NO
798;3;0;male;40;ADULTO;TERCERA;NO
799;3;1;male;0;ADULTO;TERCERA;SI
800;3;0;male;18;ADULTO;TERCERA;NO
801;3;0;female;0;ADULTO;TERCERA;NO
802;3;0;male;0;ADULTO;TERCERA;NO
803;3;0;male;0;ADULTO;TERCERA;NO
804;3;0;male;26;ADULTO;TERCERA;NO
805;3;0;male;0;ADULTO;TERCERA;NO
806;3;1;male;0;ADULTO;TERCERA;SI
807;3;0;female;21;ADULTO;TERCERA;NO
808;3;0;female;9;MENOR;TERCERA;NO
809;3;0;male;0;ADULTO;TERCERA;NO
810;3;0;male;18;ADULTO;TERCERA;NO
811;3;0;male;16;MENOR;TERCERA;NO
812;3;0;female;48;ADULTO;TERCERA;NO
813;3;0;male;0;ADULTO;TERCERA;NO
814;3;0;male;0;ADULTO;TERCERA;NO
815;3;0;male;25;ADULTO;TERCERA;NO
816;3;0;male;0;ADULTO;TERCERA;NO
817;3;0;male;0;ADULTO;TERCERA;NO
818;3;0;male;22;ADULTO;TERCERA;NO
819;3;1;female;16;MENOR;TERCERA;SI
820;3;1;female;0;ADULTO;TERCERA;SI
821;3;1;male;9;MENOR;TERCERA;SI
822;3;0;male;33;ADULTO;TERCERA;NO
823;3;0;male;41;ADULTO;TERCERA;NO
824;3;1;female;31;ADULTO;TERCERA;SI
825;3;0;male;38;ADULTO;TERCERA;NO
826;3;0;male;9;MENOR;TERCERA;NO
827;3;0;male;1;MENOR;TERCERA;NO
828;3;0;male;11;MENOR;TERCERA;NO
829;3;0;female;10;MENOR;TERCERA;NO
830;3;0;female;16;MENOR;TERCERA;NO
831;3;0;male;14;MENOR;TERCERA;NO
832;3;0;male;40;ADULTO;TERCERA;NO
833;3;0;female;43;ADULTO;TERCERA;NO
834;3;0;male;51;ADULTO;TERCERA;NO
835;3;0;male;32;ADULTO;TERCERA;NO
836;3;0;male;0;ADULTO;TERCERA;NO
837;3;0;male;20;ADULTO;TERCERA;NO
838;3;0;male;37;ADULTO;TERCERA;NO
839;3;0;male;28;ADULTO;TERCERA;NO
840;3;0;male;19;ADULTO;TERCERA;NO
841;3;0;female;24;ADULTO;TERCERA;NO
842;3;0;female;17;MENOR;TERCERA;NO
843;3;0;male;0;ADULTO;TERCERA;NO
844;3;0;male;0;ADULTO;TERCERA;NO
845;3;0;male;28;ADULTO;TERCERA;NO
846;3;1;female;24;ADULTO;TERCERA;SI
847;3;0;male;20;ADULTO;TERCERA;NO
848;3;0;male;23;ADULTO;TERCERA;NO
849;3;0;male;41;ADULTO;TERCERA;NO
850;3;0;male;26;ADULTO;TERCERA;NO
851;3;0;male;21;ADULTO;TERCERA;NO
852;3;1;female;45;ADULTO;TERCERA;SI
853;3;0;female;0;ADULTO;TERCERA;NO
854;3;0;male;25;ADULTO;TERCERA;NO
855;3;0;male;0;ADULTO;TERCERA;NO
856;3;0;male;11;MENOR;TERCERA;NO
857;3;1;female;0;ADULTO;TERCERA;SI
858;3;1;male;27;ADULTO;TERCERA;SI
859;3;1;male;0;ADULTO;TERCERA;SI
860;3;0;female;18;ADULTO;TERCERA;NO
861;3;1;female;26;ADULTO;TERCERA;SI
862;3;0;female;23;ADULTO;TERCERA;NO
863;3;1;female;22;ADULTO;TERCERA;SI
864;3;0;male;28;ADULTO;TERCERA;NO
865;3;0;female;28;ADULTO;TERCERA;NO
866;3;0;female;0;ADULTO;TERCERA;NO
867;3;1;female;2;MENOR;TERCERA;SI
868;3;1;female;22;ADULTO;TERCERA;SI
869;3;0;male;43;ADULTO;TERCERA;NO
870;3;0;male;28;ADULTO;TERCERA;NO
871;3;1;female;27;ADULTO;TERCERA;SI
872;3;0;male;0;ADULTO;TERCERA;NO
873;3;1;female;0;ADULTO;TERCERA;SI
874;3;0;male;42;ADULTO;TERCERA;NO
875;3;1;male;0;ADULTO;TERCERA;SI
876;3;0;male;30;ADULTO;TERCERA;NO
877;3;0;male;0;ADULTO;TERCERA;NO
878;3;0;female;27;ADULTO;TERCERA;NO
879;3;0;female;25;ADULTO;TERCERA;NO
880;3;0;male;0;ADULTO;TERCERA;NO
881;3;1;male;29;ADULTO;TERCERA;SI
882;3;1;male;21;ADULTO;TERCERA;SI
883;3;0;male;0;ADULTO;TERCERA;NO
884;3;0;male;20;ADULTO;TERCERA;NO
885;3;0;male;48;ADULTO;TERCERA;NO
886;3;0;male;17;MENOR;TERCERA;NO
887;3;1;female;0;ADULTO;TERCERA;SI
888;3;1;male;0;ADULTO;TERCERA;SI
889;3;0;male;34;ADULTO;TERCERA;NO
890;3;1;male;26;ADULTO;TERCERA;SI
891;3;0;male;22;ADULTO;TERCERA;NO
892;3;0;male;33;ADULTO;TERCERA;NO
893;3;0;male;31;ADULTO;TERCERA;NO
894;3;0;male;29;ADULTO;TERCERA;NO
895;3;1;male;4;MENOR;TERCERA;SI
896;3;1;female;1;MENOR;TERCERA;SI
897;3;0;male;49;ADULTO;TERCERA;NO
898;3;0;male;33;ADULTO;TERCERA;NO
899;3;0;male;19;ADULTO;TERCERA;NO
900;3;1;female;27;ADULTO;TERCERA;SI
901;3;0;male;0;ADULTO;TERCERA;NO
902;3;0;female;0;ADULTO;TERCERA;NO
903;3;0;male;0;ADULTO;TERCERA;NO
904;3;0;female;0;ADULTO;TERCERA;NO
905;3;0;male;23;ADULTO;TERCERA;NO
906;3;1;male;32;ADULTO;TERCERA;SI
907;3;0;male;27;ADULTO;TERCERA;NO
908;3;0;female;20;ADULTO;TERCERA;NO
909;3;0;female;21;ADULTO;TERCERA;NO
910;3;1;male;32;ADULTO;TERCERA;SI
911;3;0;male;17;MENOR;TERCERA;NO
912;3;0;male;21;ADULTO;TERCERA;NO
913;3;0;male;30;ADULTO;TERCERA;NO
914;3;1;male;21;ADULTO;TERCERA;SI
915;3;0;male;33;ADULTO;TERCERA;NO
916;3;0;male;22;ADULTO;TERCERA;NO
917;3;1;female;4;MENOR;TERCERA;SI
918;3;1;male;39;ADULTO;TERCERA;SI
919;3;0;male;0;ADULTO;TERCERA;NO
920;3;0;male;18;ADULTO;TERCERA;NO
921;3;0;male;0;ADULTO;TERCERA;NO
922;3;0;male;0;ADULTO;TERCERA;NO
923;3;1;female;0;ADULTO;TERCERA;SI
924;3;1;female;0;ADULTO;TERCERA;SI
925;3;0;male;34;ADULTO;TERCERA;NO
926;3;0;male;44;ADULTO;TERCERA;NO
927;3;1;male;0;ADULTO;TERCERA;SI
928;3;0;male;0;ADULTO;TERCERA;NO
929;3;0;female;0;ADULTO;TERCERA;NO
930;3;0;male;0;ADULTO;TERCERA;NO
931;3;0;male;0;ADULTO;TERCERA;NO
932;3;0;male;0;ADULTO;TERCERA;NO
933;3;0;female;22;ADULTO;TERCERA;NO
934;3;0;male;26;ADULTO;TERCERA;NO
935;3;1;female;4;MENOR;TERCERA;SI
936;3;1;male;29;ADULTO;TERCERA;SI
937;3;1;female;26;ADULTO;TERCERA;SI
938;3;0;female;1;MENOR;TERCERA;NO
939;3;0;male;18;ADULTO;TERCERA;NO
940;3;0;female;36;ADULTO;TERCERA;NO
941;3;0;male;0;ADULTO;TERCERA;NO
942;3;1;male;25;ADULTO;TERCERA;SI
943;3;0;male;0;ADULTO;TERCERA;NO
944;3;0;female;37;ADULTO;TERCERA;NO
945;3;0;male;0;ADULTO;TERCERA;NO
946;3;1;male;0;ADULTO;TERCERA;SI
947;3;0;male;0;ADULTO;TERCERA;NO
948;3;1;female;22;ADULTO;TERCERA;SI
949;3;0;male;0;ADULTO;TERCERA;NO
950;3;1;male;26;ADULTO;TERCERA;SI
951;3;0;male;29;ADULTO;TERCERA;NO
952;3;0;male;29;ADULTO;TERCERA;NO
953;3;0;male;22;ADULTO;TERCERA;NO
954;3;1;male;22;ADULTO;TERCERA;SI
955;3;0;male;0;ADULTO;TERCERA;NO
956;3;0;female;0;ADULTO;TERCERA;NO
957;3;0;female;0;ADULTO;TERCERA;NO
958;3;0;female;0;ADULTO;TERCERA;NO
959;3;0;female;0;ADULTO;TERCERA;NO
960;3;0;male;32;ADULTO;TERCERA;NO
961;3;0;male;34;ADULTO;TERCERA;NO
962;3;0;female;0;ADULTO;TERCERA;NO
963;3;0;male;0;ADULTO;TERCERA;NO
964;3;0;male;36;ADULTO;TERCERA;NO
965;3;0;male;39;ADULTO;TERCERA;NO
966;3;0;male;24;ADULTO;TERCERA;NO
967;3;0;female;25;ADULTO;TERCERA;NO
968;3;0;female;45;ADULTO;TERCERA;NO
969;3;0;male;36;ADULTO;TERCERA;NO
970;3;0;female;30;ADULTO;TERCERA;NO
971;3;1;male;20;ADULTO;TERCERA;SI
972;3;0;male;0;ADULTO;TERCERA;NO
973;3;0;male;28;ADULTO;TERCERA;NO
974;3;0;male;0;ADULTO;TERCERA;NO
975;3;0;male;30;ADULTO;TERCERA;NO
976;3;0;female;26;ADULTO;TERCERA;NO
977;3;0;male;0;ADULTO;TERCERA;NO
978;3;0;male;20;ADULTO;TERCERA;NO
979;3;1;male;27;ADULTO;TERCERA;SI
980;3;0;male;51;ADULTO;TERCERA;NO
981;3;1;female;23;ADULTO;TERCERA;SI
982;3;1;male;32;ADULTO;TERCERA;SI
983;3;0;male;0;ADULTO;TERCERA;NO
984;3;0;male;0;ADULTO;TERCERA;NO
985;3;1;female;0;ADULTO;TERCERA;SI
986;3;1;male;24;ADULTO;TERCERA;SI
987;3;0;male;22;ADULTO;TERCERA;NO
988;3;0;female;0;ADULTO;TERCERA;NO
989;3;0;male;0;ADULTO;TERCERA;NO
990;3;0;male;0;ADULTO;TERCERA;NO
991;3;0;male;29;ADULTO;TERCERA;NO
992;3;1;male;0;ADULTO;TERCERA;SI
993;3;0;female;30;ADULTO;TERCERA;NO
994;3;1;female;0;ADULTO;TERCERA;SI
995;3;0;male;0;ADULTO;TERCERA;NO
996;3;0;male;35;ADULTO;TERCERA;NO
997;3;0;male;33;ADULTO;TERCERA;NO
998;3;1;female;0;ADULTO;TERCERA;SI
999;3;0;male;0;ADULTO;TERCERA;NO
1000;3;1;female;0;ADULTO;TERCERA;SI
1001;3;1;male;0;ADULTO;TERCERA;SI
1002;3;1;female;0;ADULTO;TERCERA;SI
1003;3;1;female;0;ADULTO;TERCERA;SI
1004;3;1;male;0;ADULTO;TERCERA;SI
1005;3;1;female;0;ADULTO;TERCERA;SI
1006;3;0;male;0;ADULTO;TERCERA;NO
1007;3;1;female;0;ADULTO;TERCERA;SI
1008;3;1;female;15;MENOR;TERCERA;SI
1009;3;0;female;35;ADULTO;TERCERA;NO
1010;3;0;male;0;ADULTO;TERCERA;NO
1011;3;0;male;24;ADULTO;TERCERA;NO
1012;3;0;female;19;ADULTO;TERCERA;NO
1013;3;0;female;0;ADULTO;TERCERA;NO
1014;3;0;female;0;ADULTO;TERCERA;NO
1015;3;0;female;0;ADULTO;TERCERA;NO
1016;3;0;male;55;ADULTO;TERCERA;NO
1017;3;0;male;0;ADULTO;TERCERA;NO
1018;3;1;male;21;ADULTO;TERCERA;SI
1019;3;0;male;0;ADULTO;TERCERA;NO
1020;3;0;male;24;ADULTO;TERCERA;NO
1021;3;0;male;21;ADULTO;TERCERA;NO
1022;3;0;male;28;ADULTO;TERCERA;NO
1023;3;0;male;0;ADULTO;TERCERA;NO
1024;3;1;female;0;ADULTO;TERCERA;SI
1025;3;0;male;25;ADULTO;TERCERA;NO
1026;3;1;male;6;MENOR;TERCERA;SI
1027;3;1;female;27;ADULTO;TERCERA;SI
1028;3;0;male;0;ADULTO;TERCERA;NO
1029;3;1;female;0;ADULTO;TERCERA;SI
1030;3;0;male;0;ADULTO;TERCERA;NO
1031;3;0;male;0;ADULTO;TERCERA;NO
1032;3;0;male;34;ADULTO;TERCERA;NO
1033;3;0;male;0;ADULTO;TERCERA;NO
1034;3;1;male;0;ADULTO;TERCERA;SI
1035;3;1;male;0;ADULTO;TERCERA;SI
1036;3;1;male;0;ADULTO;TERCERA;SI
1037;3;1;female;0;ADULTO;TERCERA;SI
1038;3;1;female;0;ADULTO;TERCERA;SI
1039;3;0;male;0;ADULTO;TERCERA;NO
1040;3;1;female;0;ADULTO;TERCERA;SI
1041;3;1;female;24;ADULTO;TERCERA;SI
1042;3;0;male;0;ADULTO;TERCERA;NO
1043;3;1;female;0;ADULTO;TERCERA;SI
1044;3;1;female;0;ADULTO;TERCERA;SI
1045;3;1;female;0;ADULTO;TERCERA;SI
1046;3;0;male;18;ADULTO;TERCERA;NO
1047;3;0;male;22;ADULTO;TERCERA;NO
1048;3;1;female;15;MENOR;TERCERA;SI
1049;3;1;female;1;MENOR;TERCERA;SI
1050;3;1;male;20;ADULTO;TERCERA;SI
1051;3;1;female;19;ADULTO;TERCERA;SI
1052;3;0;male;33;ADULTO;TERCERA;NO
1053;3;0;male;0;ADULTO;TERCERA;NO
1054;3;0;male;0;ADULTO;TERCERA;NO
1055;3;0;female;0;ADULTO;TERCERA;NO
1056;3;0;male;0;ADULTO;TERCERA;NO
1057;3;1;male;12;MENOR;TERCERA;SI
1058;3;1;female;14;MENOR;TERCERA;SI
1059;3;0;female;29;ADULTO;TERCERA;NO
1060;3;0;male;28;ADULTO;TERCERA;NO
1061;3;1;female;18;ADULTO;TERCERA;SI
1062;3;1;female;26;ADULTO;TERCERA;SI
1063;3;0;male;21;ADULTO;TERCERA;NO
1064;3;0;male;41;ADULTO;TERCERA;NO
1065;3;1;male;39;ADULTO;TERCERA;SI
1066;3;0;male;21;ADULTO;TERCERA;NO
1067;3;0;male;28;ADULTO;TERCERA;NO
1068;3;1;female;22;ADULTO;TERCERA;SI
1069;3;0;male;61;ADULTO;TERCERA;NO
1070;3;0;male;0;ADULTO;TERCERA;NO
1071;3;0;male;0;ADULTO;TERCERA;NO
1072;3;1;female;0;ADULTO;TERCERA;SI
1073;3;0;male;0;ADULTO;TERCERA;NO
1074;3;0;male;0;ADULTO;TERCERA;NO
1075;3;0;male;0;ADULTO;TERCERA;NO
1076;3;0;male;23;ADULTO;TERCERA;NO
1077;3;0;female;0;ADULTO;TERCERA;NO
1078;3;1;female;0;ADULTO;TERCERA;SI
1079;3;1;female;0;ADULTO;TERCERA;SI
1080;3;1;female;22;ADULTO;TERCERA;SI
1081;3;1;male;0;ADULTO;TERCERA;SI
1082;3;1;female;0;ADULTO;TERCERA;SI
1083;3;1;male;9;MENOR;TERCERA;SI
1084;3;0;male;28;ADULTO;TERCERA;NO
1085;3;0;male;42;ADULTO;TERCERA;NO
1086;3;0;male;0;ADULTO;TERCERA;NO
1087;3;0;female;31;ADULTO;TERCERA;NO
1088;3;0;male;28;ADULTO;TERCERA;NO
1089;3;1;male;32;ADULTO;TERCERA;SI
1090;3;0;male;20;ADULTO;TERCERA;NO
1091;3;0;female;23;ADULTO;TERCERA;NO
1092;3;0;female;20;ADULTO;TERCERA;NO
1093;3;0;male;20;ADULTO;TERCERA;NO
1094;3;0;male;16;MENOR;TERCERA;NO
1095;3;1;female;31;ADULTO;TERCERA;SI
1096;3;0;female;0;ADULTO;TERCERA;NO
1097;3;0;male;2;MENOR;TERCERA;NO
1098;3;0;male;6;MENOR;TERCERA;NO
1099;3;0;female;3;MENOR;TERCERA;NO
1100;3;0;female;8;MENOR;TERCERA;NO
1101;3;0;female;29;ADULTO;TERCERA;NO
1102;3;0;male;1;MENOR;TERCERA;NO
1103;3;0;male;7;MENOR;TERCERA;NO
1104;3;0;male;2;MENOR;TERCERA;NO
1105;3;0;male;16;MENOR;TERCERA;NO
1106;3;0;male;14;MENOR;TERCERA;NO
1107;3;0;female;41;ADULTO;TERCERA;NO
1108;3;0;male;21;ADULTO;TERCERA;NO
1109;3;0;male;19;ADULTO;TERCERA;NO
1110;3;0;male;0;ADULTO;TERCERA;NO
1111;3;0;male;32;ADULTO;TERCERA;NO
1112;3;0;male;0;MENOR;TERCERA;NO
1113;3;0;female;3;MENOR;TERCERA;NO
1114;3;0;female;26;ADULTO;TERCERA;NO
1115;3;0;male;0;ADULTO;TERCERA;NO
1116;3;0;male;0;ADULTO;TERCERA;NO
1117;3;0;male;0;ADULTO;TERCERA;NO
1118;3;0;male;21;ADULTO;TERCERA;NO
1119;3;0;male;25;ADULTO;TERCERA;NO
1120;3;0;male;22;ADULTO;TERCERA;NO
1121;3;1;male;25;ADULTO;TERCERA;SI
1122;3;1;male;0;ADULTO;TERCERA;SI
1123;3;1;female;0;ADULTO;TERCERA;SI
1124;3;1;female;0;ADULTO;TERCERA;SI
1125;3;0;female;0;ADULTO;TERCERA;NO
1126;3;0;male;24;ADULTO;TERCERA;NO
1127;3;0;female;28;ADULTO;TERCERA;NO
1128;3;0;male;19;ADULTO;TERCERA;NO
1129;3;0;male;0;ADULTO;TERCERA;NO
1130;3;0;male;25;ADULTO;TERCERA;NO
1131;3;0;female;18;ADULTO;TERCERA;NO
1132;3;1;male;32;ADULTO;TERCERA;SI
1133;3;0;male;0;ADULTO;TERCERA;NO
1134;3;0;male;17;MENOR;TERCERA;NO
1135;3;0;male;24;ADULTO;TERCERA;NO
1136;3;0;male;0;ADULTO;TERCERA;NO
1137;3;0;female;0;ADULTO;TERCERA;NO
1138;3;0;male;0;ADULTO;TERCERA;NO
1139;3;0;male;0;ADULTO;TERCERA;NO
1140;3;0;male;38;ADULTO;TERCERA;NO
1141;3;0;male;21;ADULTO;TERCERA;NO
1142;3;0;male;10;MENOR;TERCERA;NO
1143;3;0;male;4;MENOR;TERCERA;NO
1144;3;0;male;7;MENOR;TERCERA;NO
1145;3;0;male;2;MENOR;TERCERA;NO
1146;3;0;male;8;MENOR;TERCERA;NO
1147;3;0;female;39;ADULTO;TERCERA;NO
1148;3;0;female;22;ADULTO;TERCERA;NO
1149;3;0;male;35;ADULTO;TERCERA;NO
1150;3;1;female;0;ADULTO;TERCERA;SI
1151;3;0;male;0;ADULTO;TERCERA;NO
1152;3;0;female;0;ADULTO;TERCERA;NO
1153;3;0;male;50;ADULTO;TERCERA;NO
1154;3;0;female;47;ADULTO;TERCERA;NO
1155;3;0;male;0;ADULTO;TERCERA;NO
1156;3;0;male;0;ADULTO;TERCERA;NO
1157;3;0;female;2;MENOR;TERCERA;NO
1158;3;0;male;18;ADULTO;TERCERA;NO
1159;3;0;female;41;ADULTO;TERCERA;NO
1160;3;1;female;0;ADULTO;TERCERA;SI
1161;3;0;male;50;ADULTO;TERCERA;NO
1162;3;0;male;16;MENOR;TERCERA;NO
1163;3;1;male;0;ADULTO;TERCERA;SI
1164;3;0;male;0;ADULTO;TERCERA;NO
1165;3;0;male;0;ADULTO;TERCERA;NO
1166;3;0;male;25;ADULTO;TERCERA;NO
1167;3;0;male;0;ADULTO;TERCERA;NO
1168;3;0;male;0;ADULTO;TERCERA;NO
1169;3;0;male;0;ADULTO;TERCERA;NO
1170;3;0;male;38;ADULTO;TERCERA;NO
1171;3;0;male;0;ADULTO;TERCERA;NO
1172;3;0;male;14;MENOR;TERCERA;NO
1173;3;0;female;0;ADULTO;TERCERA;NO
1174;3;0;female;0;ADULTO;TERCERA;NO
1175;3;0;female;0;ADULTO;TERCERA;NO
1176;3;0;female;0;ADULTO;TERCERA;NO
1177;3;0;male;0;ADULTO;TERCERA;NO
1178;3;0;male;0;ADULTO;TERCERA;NO
1179;3;0;male;0;ADULTO;TERCERA;NO
1180;3;0;male;0;ADULTO;TERCERA;NO
1181;3;0;female;0;ADULTO;TERCERA;NO
1182;3;0;male;24;ADULTO;TERCERA;NO
1183;3;1;female;21;ADULTO;TERCERA;SI
1184;3;0;male;39;ADULTO;TERCERA;NO
1185;3;0;male;0;ADULTO;TERCERA;NO
1186;3;0;male;0;ADULTO;TERCERA;NO
1187;3;0;male;0;ADULTO;TERCERA;NO
1188;3;1;female;1;MENOR;TERCERA;SI
1189;3;1;female;24;ADULTO;TERCERA;SI
1190;3;1;female;4;MENOR;TERCERA;SI
1191;3;1;male;25;ADULTO;TERCERA;SI
1192;3;0;male;20;ADULTO;TERCERA;NO
1193;3;0;male;24;ADULTO;TERCERA;NO
1194;3;0;male;0;ADULTO;TERCERA;NO
1195;3;0;male;0;ADULTO;TERCERA;NO
1196;3;0;male;0;ADULTO;TERCERA;NO
1197;3;1;male;29;ADULTO;TERCERA;SI
1198;3;0;male;0;ADULTO;TERCERA;NO
1199;3;1;female;0;ADULTO;TERCERA;SI
1200;3;0;male;0;ADULTO;TERCERA;NO
1201;3;0;male;0;ADULTO;TERCERA;NO
1202;3;0;male;22;ADULTO;TERCERA;NO
1203;3;0;male;0;ADULTO;TERCERA;NO
1204;3;0;male;40;ADULTO;TERCERA;NO
1205;3;0;male;21;ADULTO;TERCERA;NO
1206;3;1;female;18;ADULTO;TERCERA;SI
1207;3;0;male;4;MENOR;TERCERA;NO
1208;3;0;male;10;MENOR;TERCERA;NO
1209;3;0;female;9;MENOR;TERCERA;NO
1210;3;0;female;2;MENOR;TERCERA;NO
1211;3;0;male;40;ADULTO;TERCERA;NO
1212;3;0;female;45;ADULTO;TERCERA;NO
1213;3;0;male;0;ADULTO;TERCERA;NO
1214;3;0;male;0;ADULTO;TERCERA;NO
1215;3;0;male;0;ADULTO;TERCERA;NO
1216;3;0;male;0;ADULTO;TERCERA;NO
1217;3;1;female;0;ADULTO;TERCERA;SI
1218;3;0;male;19;ADULTO;TERCERA;NO
1219;3;0;male;30;ADULTO;TERCERA;NO
1220;3;0;male;0;ADULTO;TERCERA;NO
1221;3;0;male;32;ADULTO;TERCERA;NO
1222;3;0;male;0;ADULTO;TERCERA;NO
1223;3;0;male;33;ADULTO;TERCERA;NO
1224;3;1;female;23;ADULTO;TERCERA;SI
1225;3;0;male;21;ADULTO;TERCERA;NO
1226;3;0;male;60;ADULTO;TERCERA;NO
1227;3;0;male;19;ADULTO;TERCERA;NO
1228;3;0;female;22;ADULTO;TERCERA;NO
1229;3;1;male;31;ADULTO;TERCERA;SI
1230;3;0;male;27;ADULTO;TERCERA;NO
1231;3;0;female;2;MENOR;TERCERA;NO
1232;3;0;female;29;ADULTO;TERCERA;NO
1233;3;1;male;16;MENOR;TERCERA;SI
1234;3;1;male;44;ADULTO;TERCERA;SI
1235;3;0;male;25;ADULTO;TERCERA;NO
1236;3;0;male;74;ADULTO;TERCERA;NO
1237;3;1;male;14;MENOR;TERCERA;SI
1238;3;0;male;24;ADULTO;TERCERA;NO
1239;3;1;male;25;ADULTO;TERCERA;SI
1240;3;0;male;34;ADULTO;TERCERA;NO
1241;3;1;male;0;MENOR;TERCERA;SI
1242;3;0;male;0;ADULTO;TERCERA;NO
1243;3;0;male;0;ADULTO;TERCERA;NO
1244;3;0;male;0;ADULTO;TERCERA;NO
1245;3;1;female;16;MENOR;TERCERA;SI
1246;3;0;male;0;ADULTO;TERCERA;NO
1247;3;0;male;0;ADULTO;TERCERA;NO
1248;3;1;female;0;ADULTO;TERCERA;SI
1249;3;0;male;32;ADULTO;TERCERA;NO
1250;3;0;male;0;ADULTO;TERCERA;NO
1251;3;0;male;0;ADULTO;TERCERA;NO
1252;3;0;male;30;ADULTO;TERCERA;NO
1253;3;0;male;44;ADULTO;TERCERA;NO
1254;3;0;male;0;ADULTO;TERCERA;NO
1255;3;1;male;25;ADULTO;TERCERA;SI
1256;3;0;male;0;ADULTO;TERCERA;NO
1257;3;1;male;7;MENOR;TERCERA;SI
1258;3;1;female;9;MENOR;TERCERA;SI
1259;3;1;female;29;ADULTO;TERCERA;SI
1260;3;0;male;36;ADULTO;TERCERA;NO
1261;3;1;female;18;ADULTO;TERCERA;SI
1262;3;1;female;63;ADULTO;TERCERA;SI
1263;3;0;male;0;ADULTO;TERCERA;NO
1264;3;0;male;11;MENOR;TERCERA;NO
1265;3;0;male;40;ADULTO;TERCERA;NO
1266;3;0;female;10;MENOR;TERCERA;NO
1267;3;0;male;36;ADULTO;TERCERA;NO
1268;3;0;female;30;ADULTO;TERCERA;NO
1269;3;0;male;0;ADULTO;TERCERA;NO
1270;3;0;male;33;ADULTO;TERCERA;NO
1271;3;0;male;28;ADULTO;TERCERA;NO
1272;3;0;male;28;ADULTO;TERCERA;NO
1273;3;0;male;47;ADULTO;TERCERA;NO
1274;3;0;female;18;ADULTO;TERCERA;NO
1275;3;0;male;31;ADULTO;TERCERA;NO
1276;3;0;male;16;MENOR;TERCERA;NO
1277;3;0;female;31;ADULTO;TERCERA;NO
1278;3;1;male;22;ADULTO;TERCERA;SI
1279;3;0;male;20;ADULTO;TERCERA;NO
1280;3;0;female;14;MENOR;TERCERA;NO
1281;3;0;male;22;ADULTO;TERCERA;NO
1282;3;0;male;22;ADULTO;TERCERA;NO
1283;3;0;male;0;ADULTO;TERCERA;NO
1284;3;0;male;0;ADULTO;TERCERA;NO
1285;3;0;male;0;ADULTO;TERCERA;NO
1286;3;0;male;32;ADULTO;TERCERA;NO
1287;3;1;female;38;ADULTO;TERCERA;SI
1288;3;0;male;51;ADULTO;TERCERA;NO
1289;3;0;male;18;ADULTO;TERCERA;NO
1290;3;0;male;21;ADULTO;TERCERA;NO
1291;3;1;female;47;ADULTO;TERCERA;SI
1292;3;0;male;0;ADULTO;TERCERA;NO
1293;3;0;male;0;ADULTO;TERCERA;NO
1294;3;0;male;0;ADULTO;TERCERA;NO
1295;3;0;male;28;ADULTO;TERCERA;NO
1296;3;0;male;21;ADULTO;TERCERA;NO
1297;3;0;male;27;ADULTO;TERCERA;NO
1298;3;0;male;0;ADULTO;TERCERA;NO
1299;3;0;male;36;ADULTO;TERCERA;NO
1300;3;0;male;27;ADULTO;TERCERA;NO
1301;3;1;female;15;MENOR;TERCERA;SI
1302;3;0;male;45;ADULTO;TERCERA;NO
1303;3;0;male;0;ADULTO;TERCERA;NO
1304;3;0;male;0;ADULTO;TERCERA;NO
1305;3;0;female;14;MENOR;TERCERA;NO
1306;3;0;female;0;ADULTO;TERCERA;NO
1307;3;0;male;26;ADULTO;TERCERA;NO
1308;3;0;male;27;ADULTO;TERCERA;NO
1309;3;0;male;29;ADULTO;TERCERA;NO
